Student ID,Student_Name,Age,Major,City
1001,Ahmed Ali,21,Computer Science,Sanaa
1002,Sara Mohammed,22,Artificial Intelligence,Aden
1003,Omar Hassan,20,Information Systems,Taiz
1004,Fatima Saleh,19," data science ", sanaa 
1005,Ali Salem,24,Computer Science, Aden 
1006,Mona Saeed,17,Cyber Security,Taiz
1007,Khaled Nasser,15,Artificial Intelligence,Sanaa
1008,Noor Ahmed,25,information systems, SANAA 
1008,Noor Ahmed,25,information systems, SANAA 
1009,Rami Ali,,AI,
1010,Huda Mohammed,23,Computer Science,ADEN
,No ID,21,AI,Sanaa
